#meta	23	9	/Users/mseritan/dev/millfolio/demo-vault/vault	2
file_0	auto-insurance.pdf	pdf	1320	863516e87d36643381be4ae84489d88bdc6df8a9aebd399e433e03e1d0307ee3	0	1
file_1	credit-card-2026.csv	csv	1112	83ce50485c25275b387811ac61063247368e956dd01dd9961c257a900f8ff46e	1	3
file_2	statement-2026-02.pdf	pdf	2319	6178e3a0b62ab9f9d3c8cedbadba9e31b7ebcba61c450249ecc0a3e543231831	4	3
file_3	statement-2026-03.pdf	pdf	2273	d5f0daf7480e29f721664de7da0fdc5dff5c9920f7d17f2eb1f59e8ee463e0d9	7	3
file_4	statement-2026-04.pdf	pdf	2328	b10a2033ff13abf19086882a030edad19a6c1278185347ad8c4add731858a5ff	10	3
file_5	statement-2026-05.pdf	pdf	2285	fb2df7b7b40e0c785317eccf8262e4da41783ef8ce462938e8f0e97c3c324d77	13	3
file_6	statement-2026-06.pdf	pdf	2331	0ad7a1d54be683aa9605c68218945a6ec1e838168ed070098601b3858797931c	16	3
file_7	statement-2026-07.pdf	pdf	2325	d753601ad3f57844e8953d68176eddb567bc1ba91a07fd593e4a84f1f37aaf8e	19	3
file_8	vehicle-registration.pdf	pdf	1268	5fd043b7b15e1f57cfacd5a31d1f5111750e2cd62875c07ca15c9987eeadc467	22	1
